CpG,Hannum2013,Bocklandt2011,Horvath2013,Florath2014,Rakyan2010,Bell2012,Weidner2014,Garagnani2012,Teschendorff2010
cg00481951,1,0,0,1,0,0,0,0,0
cg00486113,1,0,0,0,0,0,0,0,0
cg00748589,1,0,0,0,0,0,0,0,0
cg01528542,1,0,0,1,0,0,0,0,0
cg01541867,1,0,0,0,0,0,0,0,0
cg02046143,1,0,0,0,0,0,0,0,0
cg02085953,1,0,0,0,0,0,0,0,0
cg02650266,1,0,0,0,0,0,0,0,0
cg02867102,1,0,0,0,0,0,0,0,0
cg03032497,1,0,0,1,0,0,0,0,0
cg03399905,1,0,0,1,0,0,0,0,0
cg03431918,1,0,0,0,0,0,0,0,0
cg03473532,1,0,0,0,0,0,0,0,0
cg03607117,1,0,0,1,0,0,0,0,0
cg03848421,1,0,0,0,0,0,0,0,0
cg04400972,1,0,0,0,0,0,0,0,0
cg04474832,1,0,1,0,0,0,1,0,1
cg04581938,1,0,0,0,0,0,0,0,0
cg04604946,1,0,0,1,0,0,0,0,0
cg04875128,1,0,0,1,0,0,0,0,0
cg04940570,1,0,0,1,0,0,0,0,0
cg05207048,1,0,0,0,0,0,0,0,0
cg05308819,1,0,0,1,0,0,0,0,0
cg06419432,1,0,0,0,0,0,0,0,0
cg06419846,1,0,0,0,0,0,0,0,0
cg06493994,1,0,1,1,0,1,1,0,1
cg06544310,1,0,0,0,0,0,0,0,0
cg06639320,1,0,0,1,0,0,0,1,0
cg06874016,1,0,0,0,0,0,0,0,0
cg07082267,1,0,0,1,0,0,0,0,0
cg07583137,1,0,0,0,0,0,0,0,0
cg07920503,1,0,0,1,0,0,0,0,0
cg07927379,1,0,0,0,0,0,0,0,0
cg07955995,1,0,0,1,0,0,0,0,0
cg08097417,1,0,0,1,0,0,0,0,0
cg08128734,1,0,0,0,0,0,0,0,0
cg08234504,1,0,0,1,0,0,0,0,0
cg08415592,1,0,0,1,0,0,0,0,0
cg08540945,1,0,0,1,0,0,0,0,0
cg08719712,1,0,0,0,0,0,0,0,0
cg08761208,1,0,0,0,0,0,0,0,0
cg09692396,1,0,0,0,0,0,0,0,0
cg09809672,1,1,1,1,0,0,1,0,1
cg10501210,1,0,0,0,0,0,0,0,0
cg10804656,1,0,0,1,0,0,0,0,0
cg11067179,1,0,0,0,0,0,0,0,0
cg11693709,1,0,0,0,0,0,0,0,0
cg13001142,1,0,0,0,0,0,0,0,0
cg13221458,1,0,0,0,0,0,0,0,0
cg13612317,1,0,0,0,0,0,0,0,0
cg14361627,1,0,0,1,0,0,0,0,0
cg14692377,1,0,0,1,0,0,0,0,0
cg16008966,1,0,0,0,0,0,0,0,0
cg16054275,1,0,0,0,0,0,0,0,0
cg16193278,1,0,0,0,0,0,0,0,0
cg16419235,1,0,0,1,0,0,0,1,0
cg16867657,1,0,0,1,0,0,0,1,0
cg18473521,1,0,0,1,0,0,0,0,0
cg18826637,1,0,0,0,0,0,0,0,0
cg19283806,1,0,0,1,0,0,0,0,0
cg19722847,1,0,1,0,0,1,1,0,1
cg19935065,1,0,0,0,0,0,0,0,0
cg20052760,1,0,0,1,0,0,0,0,0
cg20426994,1,0,0,1,0,0,0,0,0
cg20822990,1,0,0,1,0,0,0,0,0
cg21186299,1,0,0,1,0,0,0,0,0
cg21296230,1,1,0,1,0,0,1,0,1
cg21572722,1,0,0,1,0,0,0,1,0
cg22016779,1,0,0,1,0,0,0,0,0
cg22156456,1,0,0,1,0,0,0,0,0
cg22213242,1,0,0,0,0,0,0,0,0
cg22285878,1,0,0,1,0,0,0,0,0
cg22454769,1,0,0,1,0,0,0,1,0
cg22512670,1,0,0,0,0,0,0,0,0
cg22736354,1,0,1,0,1,1,1,0,1
cg22796704,1,0,0,0,0,0,0,0,0
cg22929506,1,0,0,0,0,0,0,0,0
cg23091758,1,0,0,1,0,0,0,0,0
cg23500537,1,0,0,1,0,0,0,0,0
cg23606718,1,0,0,1,0,0,0,0,0
cg24079702,1,0,0,1,0,0,0,1,0
cg24724428,1,0,0,1,0,0,0,1,0
cg25410668,1,0,0,1,0,0,0,0,0
cg25428494,1,0,0,0,0,0,0,0,0
cg25478614,1,0,0,0,0,0,0,0,0
cg26290632,1,0,0,0,0,0,0,0,0
cg27015931,1,0,1,0,0,0,0,0,0
cg27569300,1,0,0,1,0,0,0,0,0
ch.13.39564907R,1,0,0,0,0,0,0,0,0
cg00059225,0,1,0,0,1,1,1,0,1
cg00107187,0,1,0,0,0,1,0,0,1
cg00201234,0,1,0,0,0,0,0,0,1
cg00399483,0,1,0,0,0,1,0,0,0
cg00911351,0,1,0,0,0,0,0,0,0
cg01293143,0,1,0,0,0,0,0,0,1
cg01820374,0,1,1,1,0,1,1,0,1
cg02008154,0,1,0,0,0,0,0,0,0
cg02154186,0,1,0,0,0,0,0,0,0
cg02228185,0,1,0,0,0,1,1,0,1
cg02844545,0,1,0,0,0,1,1,0,1
cg02994956,0,1,0,0,0,0,1,0,0
cg03440846,0,1,0,0,0,0,0,0,0
cg03734874,0,1,0,0,0,0,0,0,1
cg03975694,0,1,0,0,0,1,0,0,1
cg04084157,0,1,1,1,0,1,0,0,1
cg04528819,0,1,1,0,0,1,0,0,1
cg05508084,0,1,0,0,0,0,0,0,0
cg05822532,0,1,0,0,0,0,0,0,1
cg06092815,0,1,0,0,0,0,0,0,0
cg06156376,0,1,0,0,0,1,0,0,0
cg06291867,0,1,0,1,0,1,1,0,1
cg06572160,0,1,0,0,0,0,0,0,1
cg06760035,0,1,0,0,0,0,0,0,0
cg06908778,0,1,0,0,0,0,0,0,0
cg07408456,0,1,1,0,0,0,0,0,1
cg07533148,0,1,0,0,0,1,0,0,1
cg07621046,0,1,0,0,0,1,1,0,1
cg08468689,0,1,0,0,0,0,1,0,1
cg08668790,0,1,0,0,0,0,0,0,0
cg08872742,0,1,0,0,0,0,0,0,0
cg08909157,0,1,0,0,0,0,0,0,0
cg10031651,0,1,0,0,0,0,0,0,0
cg10235817,0,1,0,0,0,1,0,0,0
cg11136562,0,1,0,0,0,0,0,0,0
cg11981599,0,1,0,0,0,1,0,0,0
cg12111714,0,1,0,0,0,0,0,0,1
cg12457773,0,1,0,0,0,1,0,0,1
cg12782180,0,1,0,0,0,1,0,0,0
cg12799895,0,1,0,0,1,1,0,0,1
cg13282837,0,1,0,0,0,0,0,0,0
cg13434842,0,1,0,0,0,0,0,0,0
cg13547237,0,1,1,0,0,0,0,0,0
cg13603171,0,1,0,0,0,0,0,0,0
cg13614181,0,1,0,0,0,0,0,0,0
cg13921352,0,1,0,0,0,0,0,0,1
cg14456683,0,1,0,0,0,1,1,0,0
cg14614211,0,1,0,0,0,1,0,0,0
cg14826456,0,1,0,0,0,0,0,0,1
cg15201635,0,1,0,0,0,0,0,0,0
cg15425280,0,1,0,0,0,1,0,0,0
cg15747595,0,1,0,0,1,1,0,0,0
cg15784615,0,1,0,0,0,0,0,0,1
cg16232126,0,1,0,0,1,1,0,0,0
cg16464322,0,1,0,0,0,0,0,0,0
cg17241310,0,1,0,0,0,1,0,0,0
cg17589341,0,1,1,0,0,0,0,0,0
cg17861230,0,1,0,0,1,1,1,0,1
cg18236477,0,1,0,0,1,1,0,0,1
cg18328933,0,1,1,0,0,0,0,0,1
cg19246110,0,1,0,0,0,0,0,0,0
cg19594666,0,1,0,0,1,1,0,0,0
cg19761273,0,1,1,0,0,0,1,0,1
cg19831077,0,1,0,0,0,0,0,0,0
cg19885761,0,1,0,0,1,1,0,0,1
cg19945840,0,1,1,0,1,0,0,0,1
cg20134215,0,1,0,0,0,0,0,0,0
cg20366906,0,1,0,0,0,0,0,0,0
cg20616414,0,1,0,0,0,0,0,0,0
cg20792062,0,1,0,0,0,0,0,0,0
cg21801378,0,1,1,1,1,1,1,0,1
cg21992250,0,1,0,0,0,0,1,0,1
cg23282949,0,1,0,0,0,0,0,0,1
cg23290344,0,1,0,0,0,1,0,0,0
cg23563234,0,1,0,0,0,0,0,0,0
cg24199834,0,1,0,0,0,1,0,0,0
cg24646414,0,1,0,0,0,1,0,0,0
cg24826867,0,1,0,0,0,0,0,0,1
cg25044651,0,1,0,0,0,1,0,0,1
cg25148589,0,1,1,0,0,1,0,0,1
cg25511429,0,1,0,0,0,0,0,0,0
cg27210390,0,1,0,0,0,0,0,0,1
cg27320127,0,1,0,0,1,1,1,0,1
cg27389185,0,1,0,0,0,0,0,0,1
cg27409364,0,1,0,0,0,0,0,0,0
cg27553955,0,1,0,0,0,1,1,0,1
cg00075967,0,0,1,0,0,0,0,0,0
cg00091693,0,0,1,0,0,0,0,0,0
cg00168942,0,0,1,0,0,0,0,0,0
cg00374717,0,0,1,0,0,0,0,0,0
cg00431549,0,0,1,0,0,0,0,0,0
cg00436603,0,0,1,0,0,0,0,0,0
cg00864867,0,0,1,0,0,1,0,0,0
cg00945507,0,0,1,0,0,0,0,0,0
cg01027739,0,0,1,0,0,0,0,0,0
cg01027805,0,0,1,0,0,0,0,0,0
cg01234063,0,0,1,0,0,0,0,0,0
cg01262913,0,0,1,0,0,0,0,0,0
cg01353448,0,0,1,0,0,0,0,0,0
cg01407797,0,0,1,0,0,0,0,0,0
cg01459453,0,0,1,0,0,0,0,0,0
cg01485645,0,0,1,0,0,0,0,0,0
cg01511567,0,0,1,0,0,0,0,0,1
cg01560871,0,0,1,0,0,0,1,0,1
cg01570885,0,0,1,0,0,0,0,0,0
cg01584473,0,0,1,0,0,0,0,0,0
cg01644850,0,0,1,0,0,0,0,0,0
cg01656216,0,0,1,0,0,0,0,0,0
cg01873645,0,0,1,0,0,0,0,0,0
cg01968178,0,0,1,0,0,0,0,0,0
cg02047577,0,0,1,0,0,0,0,0,0
cg02071305,0,0,1,0,0,0,0,0,1
cg02085507,0,0,1,0,0,0,0,0,0
cg02154074,0,0,1,0,0,0,0,0,0
cg02217159,0,0,1,0,0,0,0,0,0
cg02275294,0,0,1,0,0,0,0,0,1
cg02331561,0,0,1,0,0,0,0,0,0
cg02332492,0,0,1,0,0,0,0,0,0
cg02335441,0,0,1,0,0,0,0,0,0
cg02364642,0,0,1,0,0,0,0,0,1
cg02388150,0,0,1,0,0,0,0,0,0
cg02479575,0,0,1,0,1,0,0,0,0
cg02489552,0,0,1,0,0,0,1,0,0
cg02580606,0,0,1,0,0,0,0,0,0
cg02654291,0,0,1,0,0,1,0,0,1
cg02827112,0,0,1,0,0,0,0,0,0
cg02972551,0,0,1,0,0,0,0,0,0
cg03019000,0,0,1,0,0,0,0,0,0
cg03103192,0,0,1,0,0,0,0,0,0
cg03167275,0,0,1,0,0,0,0,0,0
cg03270204,0,0,1,0,0,0,0,0,0
cg03286783,0,0,1,0,0,0,0,0,0
cg03330058,0,0,1,0,0,0,0,0,1
cg03565323,0,0,1,0,0,0,0,0,0
cg03578041,0,0,1,0,0,0,0,0,0
cg03588357,0,0,1,0,0,0,0,0,0
cg03682823,0,0,1,0,0,0,0,0,0
cg03760483,0,0,1,0,0,0,0,0,0
cg03891319,0,0,1,0,0,0,0,0,1
cg03947362,0,0,1,0,0,0,0,0,0
cg04005032,0,0,1,0,0,0,0,0,0
cg04094160,0,0,1,0,0,0,0,0,0
cg04121983,0,0,1,0,0,0,0,0,0
cg04126866,0,0,1,0,0,0,0,0,0
cg04268405,0,0,1,0,0,0,0,0,0
cg04431054,0,0,1,0,0,0,0,0,0
cg04452713,0,0,1,0,0,0,0,0,0
cg04836038,0,0,1,0,0,1,0,0,1
cg04999691,0,0,1,0,0,0,0,0,0
cg05250458,0,0,1,0,0,0,0,0,0
cg05294243,0,0,1,0,0,0,0,0,0
cg05365729,0,0,1,0,0,0,0,0,0
cg05442902,0,0,1,0,0,0,0,0,1
cg05590257,0,0,1,0,0,0,0,0,0
cg05675373,0,0,1,0,0,0,0,0,1
cg05755779,0,0,1,0,0,0,0,0,0
cg05847778,0,0,1,0,0,0,0,0,0
cg05903609,0,0,1,0,0,0,0,0,0
cg05921699,0,0,1,0,0,0,0,0,0
cg05960024,0,0,1,0,0,0,0,0,0
cg06044899,0,0,1,0,0,0,0,0,0
cg06117855,0,0,1,0,0,0,0,0,0
cg06121469,0,0,1,0,0,0,0,0,0
cg06144905,0,0,1,0,0,0,0,0,0
cg06361108,0,0,1,0,0,0,0,0,0
cg06462291,0,0,1,0,0,0,0,0,0
cg06513075,0,0,1,0,0,0,0,0,0
cg06557358,0,0,1,0,0,0,0,0,0
cg06688848,0,0,1,0,0,0,0,0,0
cg06738602,0,0,1,0,0,0,0,0,0
cg06810647,0,0,1,0,0,0,0,0,0
cg06836772,0,0,1,0,0,0,0,0,0
cg06926735,0,0,1,0,0,0,0,0,0
cg06952310,0,0,1,0,0,0,0,0,0
cg06993413,0,0,1,0,0,0,0,0,0
cg07158339,0,0,1,0,0,0,0,0,1
cg07285276,0,0,1,0,0,0,0,0,0
cg07291563,0,0,1,0,0,0,0,0,0
cg07337598,0,0,1,0,0,0,0,0,0
cg07388493,0,0,1,0,0,0,1,0,1
cg07455279,0,0,1,0,0,0,0,0,0
cg07498421,0,0,1,0,0,0,0,0,0
cg07595943,0,0,1,0,0,0,0,0,0
cg07663789,0,0,1,0,0,0,0,0,0
cg07730301,0,0,1,0,0,0,0,0,0
cg07770222,0,0,1,0,0,0,0,0,0
cg07849904,0,0,1,0,0,0,0,0,0
cg08030082,0,0,1,0,0,0,0,0,0
cg08090772,0,0,1,0,0,0,0,0,0
cg08124722,0,0,1,0,0,0,0,0,0
cg08186124,0,0,1,0,0,0,0,0,0
cg08251036,0,0,1,0,0,0,0,0,0
cg08331960,0,0,1,0,0,0,0,0,0
cg08370996,0,0,1,0,1,1,0,0,1
cg08413469,0,0,1,0,0,0,0,0,0
cg08434234,0,0,1,0,0,0,0,0,0
cg08771731,0,0,1,0,0,0,0,0,0
cg08965235,0,0,1,0,0,0,0,0,0
cg09019938,0,0,1,0,0,0,0,0,0
cg09118625,0,0,1,0,0,0,0,0,0
cg09133026,0,0,1,0,0,0,0,0,0
cg09191327,0,0,1,0,0,0,0,0,0
cg09418283,0,0,1,0,0,0,0,0,0
cg09441152,0,0,1,0,0,0,0,0,0
cg09509673,0,0,1,0,0,0,0,0,0
cg09646392,0,0,1,0,0,0,0,0,0
cg09722397,0,0,1,0,0,0,0,0,0
cg09722555,0,0,1,0,0,0,0,0,0
cg09785172,0,0,1,0,0,0,0,0,0
cg09869858,0,0,1,0,0,0,0,0,0
cg09885951,0,0,1,0,0,0,0,0,0
cg10045881,0,0,1,0,0,0,0,0,0
cg10266490,0,0,1,0,0,0,0,0,1
cg10281002,0,0,1,0,0,0,0,0,1
cg10345936,0,0,1,0,0,0,0,0,0
cg10376763,0,0,1,0,0,0,0,0,0
cg10377274,0,0,1,0,0,0,0,0,0
cg10486998,0,0,1,0,0,1,0,0,0
cg10523019,0,0,1,0,0,1,0,0,1
cg10865119,0,0,1,0,0,0,0,0,0
cg10920957,0,0,1,0,0,0,0,0,0
cg10940099,0,0,1,0,0,0,0,0,0
cg11025793,0,0,1,0,0,0,0,0,0
cg11299964,0,0,1,0,0,0,0,0,1
cg11314684,0,0,1,0,0,0,0,0,0
cg11388238,0,0,1,0,0,0,0,0,0
cg11653266,0,0,1,0,0,0,0,0,0
cg11932564,0,0,1,0,0,0,0,0,0
cg12351433,0,0,1,0,0,1,0,0,0
cg12373771,0,0,1,0,1,1,0,0,1
cg12413566,0,0,1,0,0,0,0,0,0
cg12616277,0,0,1,0,0,0,0,0,0
cg12768605,0,0,1,0,0,0,0,0,0
cg12830694,0,0,1,0,0,0,0,0,0
cg12941369,0,0,1,0,0,0,0,0,0
cg12946225,0,0,1,0,0,0,0,0,0
cg12985418,0,0,1,0,0,0,0,0,0
cg13038560,0,0,1,0,0,0,0,0,0
cg13129046,0,0,1,0,0,0,1,0,0
cg13216057,0,0,1,0,0,0,0,0,0
cg13269407,0,0,1,0,0,0,0,0,1
cg13302154,0,0,1,0,0,0,0,0,0
cg13319175,0,0,1,0,0,0,0,0,0
cg13460409,0,0,1,0,1,0,0,0,0
cg13682722,0,0,1,0,0,0,0,0,0
cg13828047,0,0,1,0,0,0,0,0,0
cg13836627,0,0,1,0,0,1,0,0,0
cg13854874,0,0,1,0,0,0,0,0,0
cg13899108,0,0,1,0,0,0,0,0,1
cg13931228,0,0,1,0,0,0,0,0,1
cg13975369,0,0,1,0,0,0,0,0,0
cg14060828,0,0,1,0,0,0,0,0,0
cg14163776,0,0,1,0,0,0,0,0,0
cg14175438,0,0,1,0,0,0,0,0,1
cg14258236,0,0,1,0,0,0,0,0,0
cg14308452,0,0,1,0,0,0,0,0,0
cg14329157,0,0,1,0,0,0,0,0,0
cg14408969,0,0,1,0,0,0,0,0,0
cg14409958,0,0,1,0,0,0,0,0,0
cg14423778,0,0,1,0,0,0,0,0,0
cg14424579,0,0,1,0,0,0,0,0,0
cg14501253,0,0,1,0,0,0,0,0,0
cg14597908,0,0,1,0,0,0,0,0,0
cg14654875,0,0,1,0,0,0,0,0,0
cg14658362,0,0,1,0,0,0,0,0,0
cg14723032,0,0,1,0,0,0,0,0,0
cg14727952,0,0,1,0,0,0,0,0,0
cg14894144,0,0,1,0,0,0,0,0,0
cg14992253,0,0,1,0,0,0,0,0,0
cg15185286,0,0,1,0,0,0,0,0,0
cg15262928,0,0,1,0,0,0,0,0,0
cg15341340,0,0,1,0,0,0,0,0,0
cg15381769,0,0,1,0,0,0,0,0,0
cg15547534,0,0,1,0,0,0,0,0,0
cg15661409,0,0,1,0,0,0,0,0,0
cg15703512,0,0,1,0,0,0,0,0,0
cg15804973,0,0,1,0,0,0,1,0,0
cg15974053,0,0,1,0,0,0,0,0,0
cg15988232,0,0,1,0,0,0,0,0,0
cg16034652,0,0,1,0,0,0,0,0,0
cg16150435,0,0,1,0,0,0,0,0,0
cg16168311,0,0,1,0,0,0,0,0,0
cg16241714,0,0,1,0,0,0,0,0,0
cg16358826,0,0,1,0,0,0,0,0,0
cg16408394,0,0,1,0,0,0,0,0,0
cg16419345,0,0,1,0,0,0,0,0,0
cg16494477,0,0,1,0,0,0,0,0,0
cg16547529,0,0,1,0,0,0,0,0,1
cg16579101,0,0,1,0,0,0,0,0,0
cg16744741,0,0,1,0,0,0,1,0,1
cg16899442,0,0,1,0,0,0,0,0,0
cg16984944,0,0,1,0,0,0,0,0,0
cg17063929,0,0,1,0,0,0,0,0,0
cg17099569,0,0,1,0,0,0,0,0,0
cg17274064,0,0,1,0,0,0,0,0,0
cg17285325,0,0,1,0,0,0,0,0,0
cg17324128,0,0,1,0,0,0,0,0,1
cg17338403,0,0,1,0,0,0,0,0,0
cg17408647,0,0,1,0,0,0,0,0,0
cg17655614,0,0,1,0,0,0,0,0,1
cg17686885,0,0,1,0,0,0,0,0,0
cg17729667,0,0,1,0,0,0,0,0,0
cg17853587,0,0,1,0,0,0,0,0,0
cg17960516,0,0,1,0,0,0,0,0,0
cg18031008,0,0,1,0,0,0,0,0,0
cg18055007,0,0,1,0,0,0,0,0,0
cg18139769,0,0,1,0,0,0,0,0,0
cg18180783,0,0,1,0,0,0,0,0,0
cg18440048,0,0,1,0,0,0,0,0,0
cg18573383,0,0,1,0,0,1,0,0,1
cg18956095,0,0,1,0,0,0,0,0,0
cg18983672,0,0,1,0,0,0,0,0,0
cg18984151,0,0,1,0,0,0,0,0,0
cg19008809,0,0,1,0,0,0,0,0,0
cg19044674,0,0,1,0,0,0,0,0,0
cg19046959,0,0,1,0,0,0,1,0,0
cg19167673,0,0,1,0,0,0,0,0,0
cg19273182,0,0,1,0,0,0,0,0,0
cg19305227,0,0,1,0,0,0,0,0,0
cg19346193,0,0,1,0,0,0,0,0,0
cg19420968,0,0,1,0,0,0,0,0,0
cg19478743,0,0,1,0,0,0,0,0,0
cg19514928,0,0,1,0,0,0,0,0,0
cg19569684,0,0,1,0,0,0,0,0,0
cg19692710,0,0,1,0,0,0,0,0,0
cg19706682,0,0,1,0,0,0,0,0,0
cg19724470,0,0,1,0,0,0,1,0,0
cg19853760,0,0,1,0,0,0,0,0,0
cg20100381,0,0,1,0,0,0,0,0,0
cg20240860,0,0,1,0,0,1,0,0,0
cg20295671,0,0,1,0,0,0,0,0,0
cg20305610,0,0,1,0,0,0,0,0,0
cg20524216,0,0,1,0,0,0,0,0,0
cg20692569,0,0,1,0,0,1,0,0,1
cg20761322,0,0,1,0,0,1,0,0,0
cg20795863,0,0,1,0,0,0,0,0,0
cg20828084,0,0,1,0,0,0,0,0,0
cg20914508,0,0,1,0,0,1,0,0,1
cg20947775,0,0,1,0,0,0,0,0,0
cg20999813,0,0,1,0,0,0,0,0,0
cg21096399,0,0,1,0,0,0,0,0,0
cg21211748,0,0,1,0,0,0,0,0,0
cg21305265,0,0,1,0,0,0,0,0,0
cg21370143,0,0,1,0,0,0,0,0,0
cg21378206,0,0,1,0,0,0,0,0,0
cg21395782,0,0,1,0,0,0,0,0,0
cg21460081,0,0,1,0,0,0,0,0,0
cg21870884,0,0,1,0,0,1,1,0,1
cg21950518,0,0,1,0,0,0,0,0,0
cg22006386,0,0,1,0,0,0,0,0,0
cg22171829,0,0,1,0,0,0,0,0,0
cg22190114,0,0,1,0,0,0,0,0,0
cg22197830,0,0,1,0,0,0,0,0,0
cg22289837,0,0,1,0,0,0,0,0,0
cg22432269,0,0,1,0,0,0,0,0,0
cg22449114,0,0,1,0,0,0,0,0,0
cg22568540,0,0,1,0,0,0,0,0,0
cg22613010,0,0,1,0,0,0,0,0,1
cg22637507,0,0,1,0,0,0,0,0,0
cg22679120,0,0,1,0,0,0,0,0,0
cg22809047,0,0,1,0,1,0,0,0,0
cg22901840,0,0,1,0,0,0,0,0,0
cg22920873,0,0,1,0,0,0,0,0,0
cg22947000,0,0,1,0,0,0,1,0,0
cg23092072,0,0,1,0,0,0,0,0,0
cg23124451,0,0,1,0,0,0,1,0,1
cg23180365,0,0,1,0,0,0,0,0,0
cg23517605,0,0,1,0,0,1,0,0,0
cg23662675,0,0,1,0,0,0,0,0,0
cg23786576,0,0,1,0,0,0,0,0,0
cg23941599,0,0,1,0,0,0,0,0,0
cg24058132,0,0,1,0,0,0,0,0,0
cg24081819,0,0,1,0,0,0,0,0,0
cg24116886,0,0,1,0,0,0,0,0,0
cg24126851,0,0,1,0,0,0,0,0,0
cg24254120,0,0,1,0,0,0,0,0,0
cg24262469,0,0,1,0,0,0,0,0,0
cg24450312,0,0,1,0,0,0,0,0,0
cg24471894,0,0,1,0,0,0,0,0,0
cg24580001,0,0,1,0,0,0,0,0,0
cg24834740,0,0,1,0,0,0,0,0,0
cg24888049,0,0,1,0,0,0,0,0,0
cg24899750,0,0,1,0,0,0,0,0,0
cg25070637,0,0,1,0,0,0,0,0,0
cg25101936,0,0,1,0,0,0,0,0,0
cg25159610,0,0,1,0,0,0,0,0,0
cg25166896,0,0,1,0,0,0,0,0,0
cg25411725,0,0,1,0,0,0,0,0,0
cg25505610,0,0,1,0,0,0,0,0,0
cg25552492,0,0,1,0,0,0,0,0,0
cg25564800,0,0,1,0,0,0,0,0,0
cg25657834,0,0,1,0,0,0,0,0,0
cg25683012,0,0,1,0,0,0,0,0,0
cg25771195,0,0,1,0,0,0,0,0,0
cg25781123,0,0,1,0,0,0,0,0,0
cg25809905,0,0,1,0,0,0,1,0,1
cg25928579,0,0,1,0,0,0,0,0,0
cg26003813,0,0,1,0,0,0,0,0,0
cg26005082,0,0,1,0,0,0,0,0,0
cg26043391,0,0,1,0,0,0,0,0,0
cg26045434,0,0,1,0,0,1,0,0,0
cg26162695,0,0,1,0,0,0,0,0,0
cg26297688,0,0,1,0,0,0,0,0,0
cg26372517,0,0,1,0,0,0,0,0,0
cg26394940,0,0,1,0,0,0,1,0,0
cg26453588,0,0,1,0,0,0,0,0,0
cg26456957,0,0,1,0,0,0,0,0,0
cg26614073,0,0,1,0,0,0,1,0,1
cg26620959,0,0,1,0,0,0,0,0,0
cg26723847,0,0,1,0,0,0,0,0,0
cg26824091,0,0,1,0,0,0,0,0,0
cg26842024,0,0,1,0,0,0,0,0,1
cg26845300,0,0,1,0,0,1,0,0,0
cg27016307,0,0,1,0,0,0,0,0,0
cg27092035,0,0,1,0,0,0,0,0,0
cg27169020,0,0,1,0,0,1,0,0,0
cg27202708,0,0,1,0,0,0,0,0,0
cg27319898,0,0,1,0,0,1,0,0,0
cg27377450,0,0,1,0,0,0,0,0,0
cg27413543,0,0,1,0,0,0,0,0,0
cg27494383,0,0,1,0,1,0,0,0,0
cg27544190,0,0,1,0,0,0,0,0,1
cg00292135,0,0,0,1,0,0,0,0,0
cg00318320,0,0,0,1,0,0,0,0,0
cg00439658,0,0,0,1,0,0,0,0,0
cg00448560,0,0,0,1,0,0,0,0,0
cg00484358,0,0,0,1,0,0,0,0,0
cg00741624,0,0,0,1,0,0,0,0,0
cg01281911,0,0,0,1,0,0,0,0,0
cg01348004,0,0,0,1,0,0,0,0,0
cg01763090,0,0,0,1,0,0,0,0,0
cg01844642,0,0,0,1,0,0,0,0,0
cg01974375,0,0,0,1,0,0,0,0,0
cg02018902,0,0,0,1,0,0,0,0,0
cg02151301,0,0,0,1,0,0,0,0,0
cg02336827,0,0,0,1,0,0,0,0,0
cg03236802,0,0,0,1,0,0,0,0,0
cg03259243,0,0,0,1,0,0,0,0,0
cg03350900,0,0,0,1,0,0,0,0,0
cg03664992,0,0,0,1,1,1,0,0,1
cg03915012,0,0,0,1,0,0,0,0,0
cg04208403,0,0,0,1,0,0,0,0,0
cg04427498,0,0,0,1,0,0,0,0,0
cg04894619,0,0,0,1,0,0,0,0,0
cg05213896,0,0,0,1,0,0,0,0,0
cg05316627,0,0,0,1,0,0,0,0,0
cg05369942,0,0,0,1,0,0,0,0,0
cg05619598,0,0,0,1,0,0,0,0,0
cg05991454,0,0,0,1,0,0,0,0,0
cg06335143,0,0,0,1,0,0,0,0,0
cg06782035,0,0,0,1,0,0,0,0,0
cg06784991,0,0,0,1,0,0,0,0,0
cg06943835,0,0,0,1,0,0,0,0,0
cg07080372,0,0,0,1,0,0,0,0,0
cg07394446,0,0,0,1,0,0,0,0,0
cg07502389,0,0,0,1,0,0,0,0,0
cg07547549,0,0,0,1,0,0,0,0,0
cg07553761,0,0,0,1,0,0,0,0,0
cg07806886,0,0,0,1,0,0,0,0,0
cg08090640,0,0,0,1,0,0,1,0,1
cg08160331,0,0,0,1,0,0,0,0,0
cg08262002,0,0,0,1,0,0,0,0,0
cg08426733,0,0,0,1,0,0,0,0,0
cg08622677,0,0,0,1,0,0,0,0,0
cg09401099,0,0,0,1,0,0,0,0,0
cg10137837,0,0,0,1,0,0,0,0,0
cg10281977,0,0,0,1,0,0,0,0,0
cg10751726,0,0,0,1,0,0,0,0,0
cg11071401,0,0,0,1,0,0,0,0,0
cg11176990,0,0,0,1,0,0,0,0,0
cg11220950,0,0,0,1,0,0,0,0,0
cg11751101,0,0,0,1,0,0,0,0,0
cg12189835,0,0,0,1,0,0,0,0,0
cg12206199,0,0,0,1,0,0,0,0,0
cg12534424,0,0,0,1,0,0,0,0,0
cg12765028,0,0,0,1,0,0,0,0,0
cg12943155,0,0,0,1,0,0,0,0,0
cg13039251,0,0,0,1,0,0,0,0,0
cg13381486,0,0,0,1,0,0,0,0,0
cg13388731,0,0,0,1,0,0,0,0,0
cg13473356,0,0,0,1,0,0,0,0,0
cg13649056,0,0,0,1,0,0,0,0,0
cg13806070,0,0,0,1,0,0,0,0,0
cg13806741,0,0,0,1,0,0,0,0,0
cg14314729,0,0,0,1,0,0,0,0,0
cg14556683,0,0,0,1,0,0,0,0,0
cg14674720,0,0,0,1,0,0,0,0,0
cg14973055,0,0,0,1,0,0,0,0,0
cg14977938,0,0,0,1,0,0,0,0,0
cg15480367,0,0,0,1,0,0,0,0,0
cg15618978,0,0,0,1,0,0,0,0,0
cg15957394,0,0,0,1,0,0,0,0,1
cg16015712,0,0,0,1,0,0,0,0,0
cg16061228,0,0,0,1,0,0,0,0,0
cg16295725,0,0,0,1,0,0,0,0,0
cg16477091,0,0,0,1,0,0,0,0,0
cg16541931,0,0,0,1,0,0,0,0,0
cg16644497,0,0,0,1,0,0,0,0,0
cg16717122,0,0,0,1,0,0,0,0,0
cg17110586,0,0,0,1,0,0,0,0,0
cg17885226,0,0,0,1,0,0,0,0,0
cg18064714,0,0,0,1,0,0,0,0,0
cg18343474,0,0,0,1,0,0,0,0,0
cg18448426,0,0,0,1,0,0,0,0,0
cg18651026,0,0,0,1,0,0,0,0,0
cg18815943,0,0,0,1,0,1,0,0,1
cg18898125,0,0,0,1,0,0,0,0,0
cg19401340,0,0,0,1,0,0,0,0,0
cg19560758,0,0,0,1,1,1,0,0,1
cg19593767,0,0,0,1,0,0,0,0,0
cg19711579,0,0,0,1,0,0,0,0,0
cg19784428,0,0,0,1,0,0,0,0,0
cg20273670,0,0,0,1,0,0,0,0,0
cg20809087,0,0,0,1,0,0,0,0,0
cg21117668,0,0,0,1,0,0,0,0,0
cg21567504,0,0,0,1,0,0,0,0,0
cg21709871,0,0,0,1,0,0,0,0,0
cg21800232,0,0,0,1,0,0,0,0,0
cg22158769,0,0,0,1,0,0,0,0,0
cg22197050,0,0,0,1,0,0,0,0,0
cg22273555,0,0,0,1,0,0,0,0,0
cg22353329,0,0,0,1,0,0,0,0,0
cg22682811,0,0,0,1,0,0,0,0,0
cg22747507,0,0,0,1,0,0,0,0,0
cg23078123,0,0,0,1,0,0,0,0,0
cg23341182,0,0,0,1,0,0,0,0,0
cg23744638,0,0,0,1,0,0,0,0,0
cg23973429,0,0,0,1,0,0,0,0,0
cg23995914,0,0,0,1,0,0,0,0,0
cg24436715,0,0,0,1,0,0,0,0,0
cg24436906,0,0,0,1,0,0,0,0,0
cg25078444,0,0,0,1,0,0,0,0,0
cg25316339,0,0,0,1,0,0,0,0,0
cg25427880,0,0,0,1,0,0,0,0,0
cg25778262,0,0,0,1,0,0,0,0,0
cg26158023,0,0,0,1,0,0,0,0,0
cg26161329,0,0,0,1,0,0,0,0,0
cg00386408,0,0,0,0,1,0,0,0,0
cg00503840,0,0,0,0,1,1,1,0,1
cg00565688,0,0,0,0,1,1,0,0,1
cg01530101,0,0,0,0,1,1,0,0,0
cg01808706,0,0,0,0,1,0,0,0,0
cg02197293,0,0,0,0,1,0,0,0,0
cg02497758,0,0,0,0,1,0,0,0,0
cg02613386,0,0,0,0,1,1,0,0,1
cg03336167,0,0,0,0,1,1,0,0,0
cg03355526,0,0,0,0,1,1,0,0,0
cg03958979,0,0,0,0,1,1,1,0,0
cg04272086,0,0,0,0,1,0,0,0,0
cg04456238,0,0,0,0,1,0,0,0,0
cg04726200,0,0,0,0,1,1,0,0,0
cg04959788,0,0,0,0,1,0,0,0,0
cg05266781,0,0,0,0,1,1,0,0,1
cg05674944,0,0,0,0,1,1,0,0,0
cg06566994,0,0,0,0,1,0,0,0,0
cg06665322,0,0,0,0,1,0,0,0,0
cg07109287,0,0,0,0,1,1,0,0,0
cg07380496,0,0,0,0,1,0,0,0,0
cg07442479,0,0,0,0,1,0,0,0,0
cg07570142,0,0,0,0,1,1,0,0,0
cg07850604,0,0,0,0,1,1,0,0,0
cg08072716,0,0,0,0,1,0,0,0,0
cg08118311,0,0,0,0,1,1,0,0,0
cg08185661,0,0,0,0,1,0,0,0,0
cg08418111,0,0,0,0,1,0,0,0,0
cg08441170,0,0,0,0,1,0,0,0,0
cg08441806,0,0,0,0,1,1,0,0,0
cg08731300,0,0,0,0,1,1,0,0,0
cg09088834,0,0,0,0,1,1,0,0,1
cg09126273,0,0,0,0,1,1,0,0,0
cg09643544,0,0,0,0,1,1,0,0,0
cg09715672,0,0,0,0,1,0,0,0,0
cg09985279,0,0,0,0,1,1,0,0,0
cg10189695,0,0,0,0,1,1,0,0,1
cg10300684,0,0,0,0,1,1,0,0,0
cg10313673,0,0,0,0,1,1,0,0,0
cg10362475,0,0,0,0,1,0,0,0,0
cg11428724,0,0,0,0,1,1,0,0,0
cg11529128,0,0,0,0,1,0,0,0,0
cg11832722,0,0,0,0,1,1,0,0,0
cg11965370,0,0,0,0,1,1,0,0,0
cg11981631,0,0,0,0,1,0,0,0,0
cg11993754,0,0,0,0,1,0,0,0,1
cg12078929,0,0,0,0,1,0,0,0,0
cg12497564,0,0,0,0,1,1,0,0,0
cg12832649,0,0,0,0,1,1,0,0,0
cg13488201,0,0,0,0,1,1,0,0,0
cg14225485,0,0,0,0,1,1,0,0,0
cg14341579,0,0,0,0,1,1,0,0,0
cg15201877,0,0,0,0,1,1,0,0,1
cg15379633,0,0,0,0,1,0,1,0,0
cg15457899,0,0,0,0,1,1,0,0,0
cg15538820,0,0,0,0,1,0,0,0,0
cg15640375,0,0,0,0,1,1,0,0,0
cg15648315,0,0,0,0,1,0,0,0,0
cg16041660,0,0,0,0,1,0,0,0,0
cg16483916,0,0,0,0,1,1,0,0,1
cg17272843,0,0,0,0,1,0,0,0,0
cg17749443,0,0,0,0,1,0,0,0,0
cg17834752,0,0,0,0,1,0,0,0,0
cg18006568,0,0,0,0,1,0,0,0,0
cg18110483,0,0,0,0,1,1,0,0,0
cg18142353,0,0,0,0,1,0,0,0,0
cg18342279,0,0,0,0,1,0,0,0,0
cg18511007,0,0,0,0,1,1,0,0,0
cg18555440,0,0,0,0,1,1,0,0,1
cg18902090,0,0,0,0,1,1,0,0,0
cg18972811,0,0,0,0,1,0,0,0,0
cg19352038,0,0,0,0,1,0,0,0,0
cg19358493,0,0,0,0,1,0,0,0,0
cg19456540,0,0,0,0,1,0,0,0,0
cg19555986,0,0,0,0,1,0,0,0,0
cg19629292,0,0,0,0,1,1,0,0,0
cg19721889,0,0,0,0,1,1,0,0,0
cg20279283,0,0,0,0,1,1,0,0,1
cg20286200,0,0,0,0,1,1,0,0,0
cg20469837,0,0,0,0,1,0,0,0,0
cg20716119,0,0,0,0,1,1,0,0,0
cg20959866,0,0,0,0,1,1,0,0,0
cg20979799,0,0,0,0,1,0,0,0,0
cg21252483,0,0,0,0,1,0,0,0,0
cg21303386,0,0,0,0,1,0,0,0,1
cg21487207,0,0,0,0,1,0,0,0,0
cg21530890,0,0,0,0,1,0,0,0,1
cg21788470,0,0,0,0,1,0,1,0,0
cg22375192,0,0,0,0,1,0,0,0,0
cg22418909,0,0,0,0,1,1,0,0,1
cg22815110,0,0,0,0,1,1,0,0,0
cg22858288,0,0,0,0,1,0,0,0,0
cg22881914,0,0,0,0,1,1,0,0,0
cg23130254,0,0,0,0,1,0,0,0,0
cg23349790,0,0,0,0,1,1,0,0,0
cg23749760,0,0,0,0,1,0,0,0,0
cg23751724,0,0,0,0,1,0,0,0,0
cg23967169,0,0,0,0,1,1,0,0,0
cg24101578,0,0,0,0,1,1,0,0,0
cg24120841,0,0,0,0,1,1,0,0,1
cg24133115,0,0,0,0,1,1,0,0,0
cg24881834,0,0,0,0,1,0,0,0,0
cg25250358,0,0,0,0,1,1,0,0,1
cg25766046,0,0,0,0,1,1,0,0,1
cg25902889,0,0,0,0,1,0,0,0,0
cg26069745,0,0,0,0,1,0,0,0,0
cg26312150,0,0,0,0,1,1,0,0,0
cg26521404,0,0,0,0,1,1,0,0,0
cg27009703,0,0,0,0,1,1,0,0,0
cg27501458,0,0,0,0,1,1,0,0,0
cg27634151,0,0,0,0,1,1,0,0,0
cg00164898,0,0,0,0,0,1,0,0,0
cg00178790,0,0,0,0,0,1,0,0,0
cg00240312,0,0,0,0,0,1,0,0,0
cg00243313,0,0,0,0,0,1,0,0,0
cg00333226,0,0,0,0,0,1,0,0,0
cg00462994,0,0,0,0,0,1,0,0,1
cg00468146,0,0,0,0,0,1,0,0,0
cg00509670,0,0,0,0,0,1,0,0,0
cg00548268,0,0,0,0,0,1,0,0,1
cg00662556,0,0,0,0,0,1,0,0,0
cg00849368,0,0,0,0,0,1,0,0,0
cg00891278,0,0,0,0,0,1,0,0,1
cg00902195,0,0,0,0,0,1,0,0,0
cg01129459,0,0,0,0,0,1,0,0,0
cg01200060,0,0,0,0,0,1,0,0,0
cg01295203,0,0,0,0,0,1,0,0,0
cg01366419,0,0,0,0,0,1,0,0,0
cg01405761,0,0,0,0,0,1,0,0,0
cg01555431,0,0,0,0,0,1,0,0,0
cg01580681,0,0,0,0,0,1,0,0,0
cg01606998,0,0,0,0,0,1,0,0,0
cg01806928,0,0,0,0,0,1,0,0,0
cg01839464,0,0,0,0,0,1,0,0,0
cg02005336,0,0,0,0,0,1,0,0,0
cg02164046,0,0,0,0,0,1,0,0,1
cg02194878,0,0,0,0,0,1,0,0,0
cg02351381,0,0,0,0,0,1,0,0,0
cg02508567,0,0,0,0,0,1,0,0,0
cg02564733,0,0,0,0,0,1,0,0,0
cg02583151,0,0,0,0,0,1,0,0,0
cg02720618,0,0,0,0,0,1,0,0,0
cg02757432,0,0,0,0,0,1,0,0,0
cg02919422,0,0,0,0,0,1,0,0,0
cg02994974,0,0,0,0,0,1,0,0,0
cg03158400,0,0,0,0,0,1,0,0,0
cg03160740,0,0,0,0,0,1,0,0,0
cg03238797,0,0,0,0,0,1,0,0,0
cg03310469,0,0,0,0,0,1,0,0,0
cg03361068,0,0,0,0,0,1,0,0,0
cg03365437,0,0,0,0,0,1,0,0,1
cg03462055,0,0,0,0,0,1,0,0,0
cg03469054,0,0,0,0,0,1,0,0,0
cg03544320,0,0,0,0,0,1,0,0,0
cg03705396,0,0,0,0,0,1,0,0,0
cg03718539,0,0,0,0,0,1,0,0,0
cg03826976,0,0,0,0,0,1,0,0,0
cg03876618,0,0,0,0,0,1,0,0,0
cg04032226,0,0,0,0,0,1,0,0,0
cg04107037,0,0,0,0,0,1,0,0,0
cg04457979,0,0,0,0,0,1,0,0,0
cg04499325,0,0,0,0,0,1,0,0,0
cg04623955,0,0,0,0,0,1,0,0,0
cg04856858,0,0,0,0,0,1,0,0,0
cg04878152,0,0,0,0,0,1,0,0,0
cg04884908,0,0,0,0,0,1,0,0,0
cg04943986,0,0,0,0,0,1,0,0,0
cg05142373,0,0,0,0,0,1,0,0,0
cg05146762,0,0,0,0,0,1,0,0,0
cg05158615,0,0,0,0,0,1,0,0,0
cg05362516,0,0,0,0,0,1,0,0,0
cg05362669,0,0,0,0,0,1,0,0,0
cg05380982,0,0,0,0,0,1,0,0,0
cg05382123,0,0,0,0,0,1,0,0,0
cg05636175,0,0,0,0,0,1,0,0,0
cg05670348,0,0,0,0,0,1,0,0,0
cg05836145,0,0,0,0,0,1,0,0,0
cg05860890,0,0,0,0,0,1,0,0,0
cg05881135,0,0,0,0,0,1,0,0,0
cg05924583,0,0,0,0,0,1,0,0,0
cg05951646,0,0,0,0,0,1,0,0,0
cg06005396,0,0,0,0,0,1,0,0,0
cg06015218,0,0,0,0,0,1,0,0,0
cg06043042,0,0,0,0,0,1,0,0,0
cg06268694,0,0,0,0,0,1,0,0,1
cg06277657,0,0,0,0,0,1,0,0,0
cg06290168,0,0,0,0,0,1,0,0,0
cg06357925,0,0,0,0,0,1,0,0,0
cg06391468,0,0,0,0,0,1,0,0,0
cg06543018,0,0,0,0,0,1,0,0,0
cg06611744,0,0,0,0,0,1,0,0,0
cg06618866,0,0,0,0,0,1,0,0,0
cg06638433,0,0,0,0,0,1,1,0,0
cg06675478,0,0,0,0,0,1,0,0,1
cg06719391,0,0,0,0,0,1,0,0,0
cg06817264,0,0,0,0,0,1,0,0,0
cg06836736,0,0,0,0,0,1,0,0,0
cg06856528,0,0,0,0,0,1,0,0,0
cg07075930,0,0,0,0,0,1,0,0,0
cg07082331,0,0,0,0,0,1,0,0,0
cg07175883,0,0,0,0,0,1,0,0,0
cg07209631,0,0,0,0,0,1,0,0,0
cg07452799,0,0,0,0,0,1,0,0,0
cg07558455,0,0,0,0,0,1,0,0,0
cg07657236,0,0,0,0,0,1,0,0,0
cg07703401,0,0,0,0,0,1,0,0,0
cg07752420,0,0,0,0,0,1,1,0,0
cg07800320,0,0,0,0,0,1,0,0,0
cg07842062,0,0,0,0,0,1,0,0,0
cg07846220,0,0,0,0,0,1,0,0,0
cg08145590,0,0,0,0,0,1,0,0,0
cg08209133,0,0,0,0,0,1,1,0,1
cg08261094,0,0,0,0,0,1,0,0,0
cg08380205,0,0,0,0,0,1,0,0,0
cg08541219,0,0,0,0,0,1,0,0,0
cg08572611,0,0,0,0,0,1,0,0,1
cg08614481,0,0,0,0,0,1,0,0,0
cg08768421,0,0,0,0,0,1,0,0,1
cg08785155,0,0,0,0,0,1,0,0,0
cg08806153,0,0,0,0,0,1,0,0,0
cg08817120,0,0,0,0,0,1,0,0,0
cg08847636,0,0,0,0,0,1,0,0,0
cg08876665,0,0,0,0,0,1,0,0,0
cg08876932,0,0,0,0,0,1,0,0,0
cg08997253,0,0,0,0,0,1,0,0,0
cg09068492,0,0,0,0,0,1,0,0,0
cg09099744,0,0,0,0,0,1,0,0,0
cg09134003,0,0,0,0,0,1,0,0,0
cg09156233,0,0,0,0,0,1,0,0,0
cg09186006,0,0,0,0,0,1,0,0,0
cg09260089,0,0,0,0,0,1,0,0,0
cg09260830,0,0,0,0,0,1,0,0,0
cg09306675,0,0,0,0,0,1,0,0,0
cg09381701,0,0,0,0,0,1,0,0,0
cg09440289,0,0,0,0,0,1,0,0,0
cg09516965,0,0,0,0,0,1,0,0,0
cg09595479,0,0,0,0,0,1,0,0,0
cg09626984,0,0,0,0,0,1,0,0,1
cg09660171,0,0,0,0,0,1,0,0,0
cg09788866,0,0,0,0,0,1,0,0,0
cg09872233,0,0,0,0,0,1,0,0,0
cg09941381,0,0,0,0,0,1,0,0,0
cg10140638,0,0,0,0,0,1,0,0,0
cg10141715,0,0,0,0,0,1,0,0,0
cg10234985,0,0,0,0,0,1,0,0,0
cg10303487,0,0,0,0,0,1,0,0,0
cg10331779,0,0,0,0,0,1,0,0,0
cg10362591,0,0,0,0,0,1,0,0,0
cg10398682,0,0,0,0,0,1,0,0,0
cg10539507,0,0,0,0,0,1,0,0,0
cg10660256,0,0,0,0,0,1,0,0,0
cg10676060,0,0,0,0,0,1,0,0,0
cg10694152,0,0,0,0,0,1,0,0,1
cg10883303,0,0,0,0,0,1,0,0,0
cg10970409,0,0,0,0,0,1,0,0,0
cg11011602,0,0,0,0,0,1,0,0,0
cg11044263,0,0,0,0,0,1,0,0,0
cg11175310,0,0,0,0,0,1,0,0,0
cg11177693,0,0,0,0,0,1,0,0,0
cg11248413,0,0,0,0,0,1,0,0,0
cg11260848,0,0,0,0,0,1,0,0,0
cg11285003,0,0,0,0,0,1,0,0,0
cg11298412,0,0,0,0,0,1,0,0,0
cg11354906,0,0,0,0,0,1,0,0,0
cg11377136,0,0,0,0,0,1,0,0,0
cg11389172,0,0,0,0,0,1,0,0,0
cg11530960,0,0,0,0,0,1,0,0,0
cg11540692,0,0,0,0,0,1,0,0,1
cg11594137,0,0,0,0,0,1,0,0,0
cg11668923,0,0,0,0,0,1,0,0,0
cg11822659,0,0,0,0,0,1,0,0,0
cg11847808,0,0,0,0,0,1,0,0,0
cg11868900,0,0,0,0,0,1,0,0,0
cg11946503,0,0,0,0,0,1,0,0,0
cg12005098,0,0,0,0,0,1,0,0,0
cg12087643,0,0,0,0,0,1,0,0,0
cg12420104,0,0,0,0,0,1,0,0,0
cg12559031,0,0,0,0,0,1,0,0,0
cg12613383,0,0,0,0,0,1,0,0,0
cg12758687,0,0,0,0,0,1,0,0,1
cg12902039,0,0,0,0,0,1,0,0,0
cg13233799,0,0,0,0,0,1,0,0,0
cg13234863,0,0,0,0,0,1,0,0,0
cg13262687,0,0,0,0,0,1,0,0,0
cg13344740,0,0,0,0,0,1,0,0,0
cg13401339,0,0,0,0,0,1,0,0,0
cg13401831,0,0,0,0,0,1,0,0,0
cg13628514,0,0,0,0,0,1,0,0,0
cg13666729,0,0,0,0,0,1,0,0,0
cg13784792,0,0,0,0,0,1,0,0,0
cg13870866,0,0,0,0,0,1,1,0,0
cg13929328,0,0,0,0,0,1,0,0,0
cg13958614,0,0,0,0,0,1,0,0,0
cg14089692,0,0,0,0,0,1,0,0,0
cg14134005,0,0,0,0,0,1,0,0,0
cg14191109,0,0,0,0,0,1,0,0,0
cg14225544,0,0,0,0,0,1,0,0,0
cg14246617,0,0,0,0,0,1,0,0,0
cg14249872,0,0,0,0,0,1,0,0,0
cg14289985,0,0,0,0,0,1,0,0,0
cg14312526,0,0,0,0,0,1,0,0,0
cg14400118,0,0,0,0,0,1,0,0,0
cg14473924,0,0,0,0,0,1,0,0,0
cg14538332,0,0,0,0,0,1,0,0,0
cg14563260,0,0,0,0,0,1,0,0,0
cg14611174,0,0,0,0,0,1,0,0,0
cg14859460,0,0,0,0,0,1,0,0,0
cg14882700,0,0,0,0,0,1,0,0,0
cg14883392,0,0,0,0,0,1,0,0,0
cg14889768,0,0,0,0,0,1,0,0,1
cg15014549,0,0,0,0,0,1,0,0,0
cg15045441,0,0,0,0,0,1,0,0,0
cg15156078,0,0,0,0,0,1,0,0,0
cg15307169,0,0,0,0,0,1,0,0,0
cg15385623,0,0,0,0,0,1,0,0,0
cg15540820,0,0,0,0,0,1,0,0,0
cg15696627,0,0,0,0,0,1,0,0,0
cg15748507,0,0,0,0,0,1,0,0,0
cg15749748,0,0,0,0,0,1,0,0,0
cg15768203,0,0,0,0,0,1,0,0,0
cg15774153,0,0,0,0,0,1,0,0,0
cg15835232,0,0,0,0,0,1,0,0,0
cg15982419,0,0,0,0,0,1,0,0,0
cg16063112,0,0,0,0,0,1,0,0,0
cg16386080,0,0,0,0,0,1,1,0,1
cg16427670,0,0,0,0,0,1,0,0,0
cg16428251,0,0,0,0,0,1,0,0,0
cg16443152,0,0,0,0,0,1,0,0,0
cg16470957,0,0,0,0,0,1,0,0,0
cg16519321,0,0,0,0,0,1,0,0,0
cg16621987,0,0,0,0,0,1,0,0,0
cg16638540,0,0,0,0,0,1,0,0,0
cg16689634,0,0,0,0,0,1,0,0,0
cg16731240,0,0,0,0,0,1,0,0,1
cg16853982,0,0,0,0,0,1,0,0,0
cg17028039,0,0,0,0,0,1,0,0,0
cg17051321,0,0,0,0,0,1,0,0,1
cg17057072,0,0,0,0,0,1,0,0,0
cg17171485,0,0,0,0,0,1,0,0,0
cg17183991,0,0,0,0,0,1,0,0,0
cg17301902,0,0,0,0,0,1,0,0,0
cg17460095,0,0,0,0,0,1,0,0,0
cg17497271,0,0,0,0,0,1,0,0,1
cg17525406,0,0,0,0,0,1,0,0,0
cg17691309,0,0,0,0,0,1,0,0,0
cg17868994,0,0,0,0,0,1,0,0,0
cg17913068,0,0,0,0,0,1,0,0,0
cg18059088,0,0,0,0,0,1,0,0,0
cg18074297,0,0,0,0,0,1,0,0,0
cg18123948,0,0,0,0,0,1,0,0,0
cg18182399,0,0,0,0,0,1,1,0,1
cg18267374,0,0,0,0,0,1,0,0,1
cg18353563,0,0,0,0,0,1,0,0,0
cg18397523,0,0,0,0,0,1,0,0,0
cg18411898,0,0,0,0,0,1,0,0,0
cg18422443,0,0,0,0,0,1,0,0,0
cg18630040,0,0,0,0,0,1,0,0,0
cg18722841,0,0,0,0,0,1,0,0,1
cg18938204,0,0,0,0,0,1,0,0,0
cg18943195,0,0,0,0,0,1,0,0,0
cg18997662,0,0,0,0,0,1,0,0,0
cg19063972,0,0,0,0,0,1,0,0,0
cg19177941,0,0,0,0,0,1,0,0,0
cg19286604,0,0,0,0,0,1,0,0,0
cg19297232,0,0,0,0,0,1,0,0,0
cg19326876,0,0,0,0,0,1,0,0,0
cg19402885,0,0,0,0,0,1,0,0,0
cg19428336,0,0,0,0,0,1,0,0,0
cg19461621,0,0,0,0,0,1,0,0,0
cg19464016,0,0,0,0,0,1,0,0,0
cg19502744,0,0,0,0,0,1,0,0,0
cg19528976,0,0,0,0,0,1,0,0,0
cg19703610,0,0,0,0,0,1,0,0,0
cg19713196,0,0,0,0,0,1,0,0,0
cg19718882,0,0,0,0,0,1,0,0,0
cg19764407,0,0,0,0,0,1,0,0,1
cg19781053,0,0,0,0,0,1,0,0,0
cg19850348,0,0,0,0,0,1,0,0,0
cg19899882,0,0,0,0,0,1,0,0,0
cg19996355,0,0,0,0,0,1,0,0,1
cg20008332,0,0,0,0,0,1,0,0,0
cg20052718,0,0,0,0,0,1,0,0,0
cg20053158,0,0,0,0,0,1,0,0,0
cg20182358,0,0,0,0,0,1,0,0,0
cg20256494,0,0,0,0,0,1,0,0,0
cg20312228,0,0,0,0,0,1,0,0,0
cg20346726,0,0,0,0,0,1,0,0,1
cg20392764,0,0,0,0,0,1,0,0,0
cg20404387,0,0,0,0,0,1,0,0,0
cg20538819,0,0,0,0,0,1,0,0,0
cg20640433,0,0,0,0,0,1,0,0,0
cg20723355,0,0,0,0,0,1,0,0,0
cg20881054,0,0,0,0,0,1,0,0,0
cg20888386,0,0,0,0,0,1,0,0,0
cg21237591,0,0,0,0,0,1,0,0,0
cg21263196,0,0,0,0,0,1,0,0,0
cg21378047,0,0,0,0,0,1,0,0,0
cg21410991,0,0,0,0,0,1,0,0,0
cg21458907,0,0,0,0,0,1,0,0,1
cg21481775,0,0,0,0,0,1,0,0,0
cg21504918,0,0,0,0,0,1,0,0,0
cg21517055,0,0,0,0,0,1,0,0,0
cg21522303,0,0,0,0,0,1,0,0,0
cg21589280,0,0,0,0,0,1,0,0,0
cg21604042,0,0,0,0,0,1,0,0,0
cg21665000,0,0,0,0,0,1,0,0,0
cg21666675,0,0,0,0,0,1,0,0,0
cg21898046,0,0,0,0,0,1,0,0,0
cg22100821,0,0,0,0,0,1,0,0,0
cg22380033,0,0,0,0,0,1,0,0,1
cg22395019,0,0,0,0,0,1,0,0,1
cg22469841,0,0,0,0,0,1,0,0,0
cg22536398,0,0,0,0,0,1,0,0,0
cg22721186,0,0,0,0,0,1,0,0,0
cg22994720,0,0,0,0,0,1,0,0,0
cg23037403,0,0,0,0,0,1,0,0,0
cg23110514,0,0,0,0,0,1,0,0,0
cg23182299,0,0,0,0,0,1,0,0,0
cg23211240,0,0,0,0,0,1,0,0,0
cg23213688,0,0,0,0,0,1,0,0,0
cg23316360,0,0,0,0,0,1,0,0,0
cg23337382,0,0,0,0,0,1,0,0,0
cg23502772,0,0,0,0,0,1,0,0,0
cg23615676,0,0,0,0,0,1,0,0,0
cg23686014,0,0,0,0,0,1,0,0,0
cg23694248,0,0,0,0,0,1,0,0,0
cg23695504,0,0,0,0,0,1,0,0,1
cg23710218,0,0,0,0,0,1,0,0,0
cg23748737,0,0,0,0,0,1,0,0,0
cg23873703,0,0,0,0,0,1,0,0,0
cg23984434,0,0,0,0,0,1,0,0,1
cg24056567,0,0,0,0,0,1,0,0,0
cg24076884,0,0,0,0,0,1,0,0,0
cg24142014,0,0,0,0,0,1,0,0,0
cg24176563,0,0,0,0,0,1,0,0,0
cg24317255,0,0,0,0,0,1,0,0,0
cg24336531,0,0,0,0,0,1,0,0,0
cg24356797,0,0,0,0,0,1,0,0,0
cg24549085,0,0,0,0,0,1,0,0,0
cg24602243,0,0,0,0,0,1,0,0,0
cg24650501,0,0,0,0,0,1,0,0,0
cg24653181,0,0,0,0,0,1,0,0,0
cg24924779,0,0,0,0,0,1,0,0,0
cg24975222,0,0,0,0,0,1,0,0,0
cg25057743,0,0,0,0,0,1,0,0,0
cg25084878,0,0,0,0,0,1,0,0,1
cg25094569,0,0,0,0,0,1,0,0,0
cg25174591,0,0,0,0,0,1,0,0,0
cg25177452,0,0,0,0,0,1,0,0,0
cg25202471,0,0,0,0,0,1,0,0,0
cg25228126,0,0,0,0,0,1,0,0,0
cg25258291,0,0,0,0,0,1,0,0,0
cg25264554,0,0,0,0,0,1,0,0,0
cg25720804,0,0,0,0,0,1,0,0,0
cg25741452,0,0,0,0,0,1,0,0,0
cg25764191,0,0,0,0,0,1,0,0,0
cg25802093,0,0,0,0,0,1,0,0,0
cg25802424,0,0,0,0,0,1,0,0,0
cg25895922,0,0,0,0,0,1,0,0,0
cg25908985,0,0,0,0,0,1,0,0,0
cg25942450,0,0,0,0,0,1,0,0,0
cg25946758,0,0,0,0,0,1,0,0,0
cg26059153,0,0,0,0,0,1,0,0,0
cg26186727,0,0,0,0,0,1,0,0,0
cg26490839,0,0,0,0,0,1,0,0,0
cg26504021,0,0,0,0,0,1,0,0,0
cg26656135,0,0,0,0,0,1,0,0,0
cg26710722,0,0,0,0,0,1,0,0,0
cg26780404,0,0,0,0,0,1,0,0,0
cg26791905,0,0,0,0,0,1,0,0,0
cg26898336,0,0,0,0,0,1,0,0,0
cg27096144,0,0,0,0,0,1,0,0,0
cg27118825,0,0,0,0,0,1,0,0,0
cg27140220,0,0,0,0,0,1,0,0,0
cg27223047,0,0,0,0,0,1,0,0,0
cg27239157,0,0,0,0,0,1,0,0,0
cg27420236,0,0,0,0,0,1,0,0,0
cg27425193,0,0,0,0,0,1,0,0,0
cg27560922,0,0,0,0,0,1,0,0,0
cg00489401,0,0,0,0,0,0,1,0,0
cg00563932,0,0,0,0,0,0,1,0,1
cg01739167,0,0,0,0,0,0,1,0,0
cg03224418,0,0,0,0,0,0,1,0,1
cg03340878,0,0,0,0,0,0,1,0,0
cg04036898,0,0,0,0,0,0,1,0,1
cg04123409,0,0,0,0,0,0,1,0,1
cg05228408,0,0,0,0,0,0,1,0,1
cg05294455,0,0,0,0,0,0,1,0,0
cg05331214,0,0,0,0,0,0,1,0,0
cg05379350,0,0,0,0,0,0,1,0,1
cg05436231,0,0,0,0,0,0,1,0,1
cg05488632,0,0,0,0,0,0,1,0,0
cg07211259,0,0,0,0,0,0,1,0,1
cg07810156,0,0,0,0,0,0,1,0,1
cg08012287,0,0,0,0,0,0,1,0,0
cg08598221,0,0,0,0,0,0,1,0,0
cg09462576,0,0,0,0,0,0,1,0,1
cg10917602,0,0,0,0,0,0,1,0,1
cg12554573,0,0,0,0,0,0,1,0,1
cg12883767,0,0,0,0,0,0,1,0,0
cg13406950,0,0,0,0,0,0,1,0,1
cg13807496,0,0,0,0,0,0,1,0,0
cg13870494,0,0,0,0,0,0,1,0,0
cg14918082,0,0,0,0,0,0,1,0,0
cg15195412,0,0,0,0,0,0,1,0,1
cg15297650,0,0,0,0,0,0,1,0,1
cg15538427,0,0,0,0,0,0,1,0,1
cg16352283,0,0,0,0,0,0,1,0,1
cg16363586,0,0,0,0,0,0,1,0,1
cg17421623,0,0,0,0,0,0,1,0,1
cg17431739,0,0,0,0,0,0,1,0,0
cg17471102,0,0,0,0,0,0,1,0,1
cg17791651,0,0,0,0,0,0,1,0,0
cg18660898,0,0,0,0,0,0,1,0,0
cg20264732,0,0,0,0,0,0,1,0,1
cg20366832,0,0,0,0,0,0,1,0,0
cg20654468,0,0,0,0,0,0,1,0,0
cg21120249,0,0,0,0,0,0,1,0,1
cg21448423,0,0,0,0,0,0,1,0,1
cg22580512,0,0,0,0,0,0,1,0,1
cg22919728,0,0,0,0,0,0,1,0,1
cg23320649,0,0,0,0,0,0,1,0,1
cg23679724,0,0,0,0,0,0,1,0,1
cg24178740,0,0,0,0,0,0,1,0,0
cg24713204,0,0,0,0,0,0,1,0,0
cg24768561,0,0,0,0,0,0,1,0,0
cg25256723,0,0,0,0,0,0,1,0,0
cg25268718,0,0,0,0,0,0,1,0,1
cg25431974,0,0,0,0,0,0,1,0,0
cg25538571,0,0,0,0,0,0,1,0,0
cg25762706,0,0,0,0,0,0,1,0,0
cg25947945,0,0,0,0,0,0,1,0,0
cg26581729,0,0,0,0,0,0,1,0,0
cg26610808,0,0,0,0,0,0,1,0,1
cg26927807,0,0,0,0,0,0,1,0,1
cg12877723,0,0,0,0,0,0,0,1,0
cg16219603,0,0,0,0,0,0,0,1,0
cg00044245,0,0,0,0,0,0,0,0,1
cg00047050,0,0,0,0,0,0,0,0,1
cg00105253,0,0,0,0,0,0,0,0,1
cg00143376,0,0,0,0,0,0,0,0,1
cg00174500,0,0,0,0,0,0,0,0,1
cg00194146,0,0,0,0,0,0,0,0,1
cg00202702,0,0,0,0,0,0,0,0,1
cg00240880,0,0,0,0,0,0,0,0,1
cg00303548,0,0,0,0,0,0,0,0,1
cg00308665,0,0,0,0,0,0,0,0,1
cg00398048,0,0,0,0,0,0,0,0,1
cg00426963,0,0,0,0,0,0,0,0,1
cg00431114,0,0,0,0,0,0,0,0,1
cg00451635,0,0,0,0,0,0,0,0,1
cg00497251,0,0,0,0,0,0,0,0,1
cg00546897,0,0,0,0,0,0,0,0,1
cg00564163,0,0,0,0,0,0,0,0,1
cg00573606,0,0,0,0,0,0,0,0,1
cg00620024,0,0,0,0,0,0,0,0,1
cg00622552,0,0,0,0,0,0,0,0,1
cg00651216,0,0,0,0,0,0,0,0,1
cg00747849,0,0,0,0,0,0,0,0,1
cg00910168,0,0,0,0,0,0,0,0,1
cg01129847,0,0,0,0,0,0,0,0,1
cg01161216,0,0,0,0,0,0,0,0,1
cg01172972,0,0,0,0,0,0,0,0,1
cg01346718,0,0,0,0,0,0,0,0,1
cg01367992,0,0,0,0,0,0,0,0,1
cg01377755,0,0,0,0,0,0,0,0,1
cg01402255,0,0,0,0,0,0,0,0,1
cg01405107,0,0,0,0,0,0,0,0,1
cg01441777,0,0,0,0,0,0,0,0,1
cg01457622,0,0,0,0,0,0,0,0,1
cg01464985,0,0,0,0,0,0,0,0,1
cg01580888,0,0,0,0,0,0,0,0,1
cg01605783,0,0,0,0,0,0,0,0,1
cg01697865,0,0,0,0,0,0,0,0,1
cg01737532,0,0,0,0,0,0,0,0,1
cg01753375,0,0,0,0,0,0,0,0,1
cg01777397,0,0,0,0,0,0,0,0,1
cg01797043,0,0,0,0,0,0,0,0,1
cg01808508,0,0,0,0,0,0,0,0,1
cg01861509,0,0,0,0,0,0,0,0,1
cg01899253,0,0,0,0,0,0,0,0,1
cg01962086,0,0,0,0,0,0,0,0,1
cg01980222,0,0,0,0,0,0,0,0,1
cg02062650,0,0,0,0,0,0,0,0,1
cg02096633,0,0,0,0,0,0,0,0,1
cg02153528,0,0,0,0,0,0,0,0,1
cg02255609,0,0,0,0,0,0,0,0,1
cg02417264,0,0,0,0,0,0,0,0,1
cg02516189,0,0,0,0,0,0,0,0,1
cg02537909,0,0,0,0,0,0,0,0,1
cg02600394,0,0,0,0,0,0,0,0,1
cg02608019,0,0,0,0,0,0,0,0,1
cg02620013,0,0,0,0,0,0,0,0,1
cg03001305,0,0,0,0,0,0,0,0,1
cg03126490,0,0,0,0,0,0,0,0,1
cg03602500,0,0,0,0,0,0,0,0,1
cg03811478,0,0,0,0,0,0,0,0,1
cg03852144,0,0,0,0,0,0,0,0,1
cg03886110,0,0,0,0,0,0,0,0,1
cg03916421,0,0,0,0,0,0,0,0,1
cg03972838,0,0,0,0,0,0,0,0,1
cg03996822,0,0,0,0,0,0,0,0,1
cg04037228,0,0,0,0,0,0,0,0,1
cg04042106,0,0,0,0,0,0,0,0,1
cg04081402,0,0,0,0,0,0,0,0,1
cg04113075,0,0,0,0,0,0,0,0,1
cg04115602,0,0,0,0,0,0,0,0,1
cg04167054,0,0,0,0,0,0,0,0,1
cg04286933,0,0,0,0,0,0,0,0,1
cg04300115,0,0,0,0,0,0,0,0,1
cg04389838,0,0,0,0,0,0,0,0,1
cg04398282,0,0,0,0,0,0,0,0,1
cg04425624,0,0,0,0,0,0,0,0,1
cg04504095,0,0,0,0,0,0,0,0,1
cg04549333,0,0,0,0,0,0,0,0,1
cg04559909,0,0,0,0,0,0,0,0,1
cg04586563,0,0,0,0,0,0,0,0,1
cg04598121,0,0,0,0,0,0,0,0,1
cg04601137,0,0,0,0,0,0,0,0,1
cg04616963,0,0,0,0,0,0,0,0,1
cg04631202,0,0,0,0,0,0,0,0,1
cg04662594,0,0,0,0,0,0,0,0,1
cg04711050,0,0,0,0,0,0,0,0,1
cg04794268,0,0,0,0,0,0,0,0,1
cg04856203,0,0,0,0,0,0,0,0,1
cg04988978,0,0,0,0,0,0,0,0,1
cg05037688,0,0,0,0,0,0,0,0,1
cg05135156,0,0,0,0,0,0,0,0,1
cg05163057,0,0,0,0,0,0,0,0,1
cg05330360,0,0,0,0,0,0,0,0,1
cg05335315,0,0,0,0,0,0,0,0,1
cg05342835,0,0,0,0,0,0,0,0,1
cg05501357,0,0,0,0,0,0,0,0,1
cg05501682,0,0,0,0,0,0,0,0,1
cg05512099,0,0,0,0,0,0,0,0,1
cg05516537,0,0,0,0,0,0,0,0,1
cg05575043,0,0,0,0,0,0,0,0,1
cg05593325,0,0,0,0,0,0,0,0,1
cg05724065,0,0,0,0,0,0,0,0,1
cg05949660,0,0,0,0,0,0,0,0,1
cg06038133,0,0,0,0,0,0,0,0,1
cg06143901,0,0,0,0,0,0,0,0,1
cg06196379,0,0,0,0,0,0,0,0,1
cg06288351,0,0,0,0,0,0,0,0,1
cg06405206,0,0,0,0,0,0,0,0,1
cg06421800,0,0,0,0,0,0,0,0,1
cg06426831,0,0,0,0,0,0,0,0,1
cg06495347,0,0,0,0,0,0,0,0,1
cg06564900,0,0,0,0,0,0,0,0,1
cg06590711,0,0,0,0,0,0,0,0,1
cg06759890,0,0,0,0,0,0,0,0,1
cg06885782,0,0,0,0,0,0,0,0,1
cg06933965,0,0,0,0,0,0,0,0,1
cg06940792,0,0,0,0,0,0,0,0,1
cg06942110,0,0,0,0,0,0,0,0,1
cg07239938,0,0,0,0,0,0,0,0,1
cg07285167,0,0,0,0,0,0,0,0,1
cg07485588,0,0,0,0,0,0,0,0,1
cg07658590,0,0,0,0,0,0,0,0,1
cg07705835,0,0,0,0,0,0,0,0,1
cg07728874,0,0,0,0,0,0,0,0,1
cg07915542,0,0,0,0,0,0,0,0,1
cg08032971,0,0,0,0,0,0,0,0,1
cg08137040,0,0,0,0,0,0,0,0,1
cg08146221,0,0,0,0,0,0,0,0,1
cg08186362,0,0,0,0,0,0,0,0,1
cg08241785,0,0,0,0,0,0,0,0,1
cg08403419,0,0,0,0,0,0,0,0,1
cg08450982,0,0,0,0,0,0,0,0,1
cg08451957,0,0,0,0,0,0,0,0,1
cg08538752,0,0,0,0,0,0,0,0,1
cg08557686,0,0,0,0,0,0,0,0,1
cg08596000,0,0,0,0,0,0,0,0,1
cg08655844,0,0,0,0,0,0,0,0,1
cg08695830,0,0,0,0,0,0,0,0,1
cg08743392,0,0,0,0,0,0,0,0,1
cg08775774,0,0,0,0,0,0,0,0,1
cg08833432,0,0,0,0,0,0,0,0,1
cg08888956,0,0,0,0,0,0,0,0,1
cg08999352,0,0,0,0,0,0,0,0,1
cg09072120,0,0,0,0,0,0,0,0,1
cg09076123,0,0,0,0,0,0,0,0,1
cg09195271,0,0,0,0,0,0,0,0,1
cg09220361,0,0,0,0,0,0,0,0,1
cg09427311,0,0,0,0,0,0,0,0,1
cg09554443,0,0,0,0,0,0,0,0,1
cg09706243,0,0,0,0,0,0,0,0,1
cg09816471,0,0,0,0,0,0,0,0,1
cg09837977,0,0,0,0,0,0,0,0,1
cg09914304,0,0,0,0,0,0,0,0,1
cg09915099,0,0,0,0,0,0,0,0,1
cg09971811,0,0,0,0,0,0,0,0,1
cg10037005,0,0,0,0,0,0,0,0,1
cg10052840,0,0,0,0,0,0,0,0,1
cg10057295,0,0,0,0,0,0,0,0,1
cg10064162,0,0,0,0,0,0,0,0,1
cg10098541,0,0,0,0,0,0,0,0,1
cg10126923,0,0,0,0,0,0,0,0,1
cg10203483,0,0,0,0,0,0,0,0,1
cg10236239,0,0,0,0,0,0,0,0,1
cg10303842,0,0,0,0,0,0,0,0,1
cg10307548,0,0,0,0,0,0,0,0,1
cg10334385,0,0,0,0,0,0,0,0,1
cg10530281,0,0,0,0,0,0,0,0,1
cg10667970,0,0,0,0,0,0,0,0,1
cg10681065,0,0,0,0,0,0,0,0,1
cg10822172,0,0,0,0,0,0,0,0,1
cg10872209,0,0,0,0,0,0,0,0,1
cg10887021,0,0,0,0,0,0,0,0,1
cg11051843,0,0,0,0,0,0,0,0,1
cg11120551,0,0,0,0,0,0,0,0,1
cg11208483,0,0,0,0,0,0,0,0,1
cg11368643,0,0,0,0,0,0,0,0,1
cg11384427,0,0,0,0,0,0,0,0,1
cg11469321,0,0,0,0,0,0,0,0,1
cg11628487,0,0,0,0,0,0,0,0,1
cg11714502,0,0,0,0,0,0,0,0,1
cg11718090,0,0,0,0,0,0,0,0,1
cg11719157,0,0,0,0,0,0,0,0,1
cg11726593,0,0,0,0,0,0,0,0,1
cg11860203,0,0,0,0,0,0,0,0,1
cg12014417,0,0,0,0,0,0,0,0,1
cg12091331,0,0,0,0,0,0,0,0,1
cg12113132,0,0,0,0,0,0,0,0,1
cg12113819,0,0,0,0,0,0,0,0,1
cg12125117,0,0,0,0,0,0,0,0,1
cg12188860,0,0,0,0,0,0,0,0,1
cg12259537,0,0,0,0,0,0,0,0,1
cg12261786,0,0,0,0,0,0,0,0,1
cg12277666,0,0,0,0,0,0,0,0,1
cg12340144,0,0,0,0,0,0,0,0,1
cg12343777,0,0,0,0,0,0,0,0,1
cg12374721,0,0,0,0,0,0,0,0,1
cg12422450,0,0,0,0,0,0,0,0,1
cg12473775,0,0,0,0,0,0,0,0,1
cg12774845,0,0,0,0,0,0,0,0,1
cg12815142,0,0,0,0,0,0,0,0,1
cg12836863,0,0,0,0,0,0,0,0,1
cg12910797,0,0,0,0,0,0,0,0,1
cg12928668,0,0,0,0,0,0,0,0,1
cg12949760,0,0,0,0,0,0,0,0,1
cg13053608,0,0,0,0,0,0,0,0,1
cg13159566,0,0,0,0,0,0,0,0,1
cg13164537,0,0,0,0,0,0,0,0,1
cg13176979,0,0,0,0,0,0,0,0,1
cg13185177,0,0,0,0,0,0,0,0,1
cg13351161,0,0,0,0,0,0,0,0,1
cg13415850,0,0,0,0,0,0,0,0,1
cg13424446,0,0,0,0,0,0,0,0,1
cg13473383,0,0,0,0,0,0,0,0,1
cg13486556,0,0,0,0,0,0,0,0,1
cg13697378,0,0,0,0,0,0,0,0,1
cg13705284,0,0,0,0,0,0,0,0,1
cg13745346,0,0,0,0,0,0,0,0,1
cg13765621,0,0,0,0,0,0,0,0,1
cg13840968,0,0,0,0,0,0,0,0,1
cg13954292,0,0,0,0,0,0,0,0,1
cg14035045,0,0,0,0,0,0,0,0,1
cg14070162,0,0,0,0,0,0,0,0,1
cg14093936,0,0,0,0,0,0,0,0,1
cg14123992,0,0,0,0,0,0,0,0,1
cg14244577,0,0,0,0,0,0,0,0,1
cg14319409,0,0,0,0,0,0,0,0,1
cg14435807,0,0,0,0,0,0,0,0,1
cg14436426,0,0,0,0,0,0,0,0,1
cg14494596,0,0,0,0,0,0,0,0,1
cg14601560,0,0,0,0,0,0,0,0,1
cg14700707,0,0,0,0,0,0,0,0,1
cg14758413,0,0,0,0,0,0,0,0,1
cg14913610,0,0,0,0,0,0,0,0,1
cg15055101,0,0,0,0,0,0,0,0,1
cg15105987,0,0,0,0,0,0,0,0,1
cg15121304,0,0,0,0,0,0,0,0,1
cg15177359,0,0,0,0,0,0,0,0,1
cg15302379,0,0,0,0,0,0,0,0,1
cg15305511,0,0,0,0,0,0,0,0,1
cg15319457,0,0,0,0,0,0,0,0,1
cg15322932,0,0,0,0,0,0,0,0,1
cg15518883,0,0,0,0,0,0,0,0,1
cg15677294,0,0,0,0,0,0,0,0,1
cg15775914,0,0,0,0,0,0,0,0,1
cg15799267,0,0,0,0,0,0,0,0,1
cg15802323,0,0,0,0,0,0,0,0,1
cg15836722,0,0,0,0,0,0,0,0,1
cg15880738,0,0,0,0,0,0,0,0,1
cg15910079,0,0,0,0,0,0,0,0,1
cg16008138,0,0,0,0,0,0,0,0,1
cg16139316,0,0,0,0,0,0,0,0,1
cg16243644,0,0,0,0,0,0,0,0,1
cg16273597,0,0,0,0,0,0,0,0,1
cg16408970,0,0,0,0,0,0,0,0,1
cg16567044,0,0,0,0,0,0,0,0,1
cg16682903,0,0,0,0,0,0,0,0,1
cg16685388,0,0,0,0,0,0,0,0,1
cg16692277,0,0,0,0,0,0,0,0,1
cg16698623,0,0,0,0,0,0,0,0,1
cg16785344,0,0,0,0,0,0,0,0,1
cg16786458,0,0,0,0,0,0,0,0,1
cg16847051,0,0,0,0,0,0,0,0,1
cg16924616,0,0,0,0,0,0,0,0,1
cg16954341,0,0,0,0,0,0,0,0,1
cg17001035,0,0,0,0,0,0,0,0,1
cg17009433,0,0,0,0,0,0,0,0,1
cg17034109,0,0,0,0,0,0,0,0,1
cg17085299,0,0,0,0,0,0,0,0,1
cg17105014,0,0,0,0,0,0,0,0,1
cg17133388,0,0,0,0,0,0,0,0,1
cg17142470,0,0,0,0,0,0,0,0,1
cg17386185,0,0,0,0,0,0,0,0,1
cg17496921,0,0,0,0,0,0,0,0,1
cg17524886,0,0,0,0,0,0,0,0,1
cg17688525,0,0,0,0,0,0,0,0,1
cg17749456,0,0,0,0,0,0,0,0,1
cg17977409,0,0,0,0,0,0,0,0,1
cg18053607,0,0,0,0,0,0,0,0,1
cg18081258,0,0,0,0,0,0,0,0,1
cg18149207,0,0,0,0,0,0,0,0,1
cg18151487,0,0,0,0,0,0,0,0,1
cg18219226,0,0,0,0,0,0,0,0,1
cg18438777,0,0,0,0,0,0,0,0,1
cg18470891,0,0,0,0,0,0,0,0,1
cg18628483,0,0,0,0,0,0,0,0,1
cg18691434,0,0,0,0,0,0,0,0,1
cg18752880,0,0,0,0,0,0,0,0,1
cg18809289,0,0,0,0,0,0,0,0,1
cg18881269,0,0,0,0,0,0,0,0,1
cg18920397,0,0,0,0,0,0,0,0,1
cg19064258,0,0,0,0,0,0,0,0,1
cg19103609,0,0,0,0,0,0,0,0,1
cg19111262,0,0,0,0,0,0,0,0,1
cg19154438,0,0,0,0,0,0,0,0,1
cg19168338,0,0,0,0,0,0,0,0,1
cg19219366,0,0,0,0,0,0,0,0,1
cg19258882,0,0,0,0,0,0,0,0,1
cg19573166,0,0,0,0,0,0,0,0,1
cg19614321,0,0,0,0,0,0,0,0,1
cg19759064,0,0,0,0,0,0,0,0,1
cg19764555,0,0,0,0,0,0,0,0,1
cg19812619,0,0,0,0,0,0,0,0,1
cg19815376,0,0,0,0,0,0,0,0,1
cg19863740,0,0,0,0,0,0,0,0,1
cg19954000,0,0,0,0,0,0,0,0,1
cg19965511,0,0,0,0,0,0,0,0,1
cg20114394,0,0,0,0,0,0,0,0,1
cg20143092,0,0,0,0,0,0,0,0,1
cg20176648,0,0,0,0,0,0,0,0,1
cg20267005,0,0,0,0,0,0,0,0,1
cg20300246,0,0,0,0,0,0,0,0,1
cg20535085,0,0,0,0,0,0,0,0,1
cg20664247,0,0,0,0,0,0,0,0,1
cg20790056,0,0,0,0,0,0,0,0,1
cg20797216,0,0,0,0,0,0,0,0,1
cg20812929,0,0,0,0,0,0,0,0,1
cg20938359,0,0,0,0,0,0,0,0,1
cg20940661,0,0,0,0,0,0,0,0,1
cg20981615,0,0,0,0,0,0,0,0,1
cg20994801,0,0,0,0,0,0,0,0,1
cg21182407,0,0,0,0,0,0,0,0,1
cg21232015,0,0,0,0,0,0,0,0,1
cg21256649,0,0,0,0,0,0,0,0,1
cg21279955,0,0,0,0,0,0,0,0,1
cg21353232,0,0,0,0,0,0,0,0,1
cg21369988,0,0,0,0,0,0,0,0,1
cg21484834,0,0,0,0,0,0,0,0,1
cg21547708,0,0,0,0,0,0,0,0,1
cg21643045,0,0,0,0,0,0,0,0,1
cg21700166,0,0,0,0,0,0,0,0,1
cg21808053,0,0,0,0,0,0,0,0,1
cg21835622,0,0,0,0,0,0,0,0,1
cg21927363,0,0,0,0,0,0,0,0,1
cg21969640,0,0,0,0,0,0,0,0,1
cg22012981,0,0,0,0,0,0,0,0,1
cg22016649,0,0,0,0,0,0,0,0,1
cg22061523,0,0,0,0,0,0,0,0,1
cg22083047,0,0,0,0,0,0,0,0,1
cg22195268,0,0,0,0,0,0,0,0,1
cg22224704,0,0,0,0,0,0,0,0,1
cg22303211,0,0,0,0,0,0,0,0,1
cg22313025,0,0,0,0,0,0,0,0,1
cg22333868,0,0,0,0,0,0,0,0,1
cg22436229,0,0,0,0,0,0,0,0,1
cg22563815,0,0,0,0,0,0,0,0,1
cg22670733,0,0,0,0,0,0,0,0,1
cg22708914,0,0,0,0,0,0,0,0,1
cg22719623,0,0,0,0,0,0,0,0,1
cg22764925,0,0,0,0,0,0,0,0,1
cg22799850,0,0,0,0,0,0,0,0,1
cg22858308,0,0,0,0,0,0,0,0,1
cg22892904,0,0,0,0,0,0,0,0,1
cg22918700,0,0,0,0,0,0,0,0,1
cg22933847,0,0,0,0,0,0,0,0,1
cg22972055,0,0,0,0,0,0,0,0,1
cg23274030,0,0,0,0,0,0,0,0,1
cg23391785,0,0,0,0,0,0,0,0,1
cg23392730,0,0,0,0,0,0,0,0,1
cg23547429,0,0,0,0,0,0,0,0,1
cg23659398,0,0,0,0,0,0,0,0,1
cg23668631,0,0,0,0,0,0,0,0,1
cg23760945,0,0,0,0,0,0,0,0,1
cg23771661,0,0,0,0,0,0,0,0,1
cg23833452,0,0,0,0,0,0,0,0,1
cg23841186,0,0,0,0,0,0,0,0,1
cg24019564,0,0,0,0,0,0,0,0,1
cg24080529,0,0,0,0,0,0,0,0,1
cg24092253,0,0,0,0,0,0,0,0,1
cg24107665,0,0,0,0,0,0,0,0,1
cg24170090,0,0,0,0,0,0,0,0,1
cg24311382,0,0,0,0,0,0,0,0,1
cg24427660,0,0,0,0,0,0,0,0,1
cg24692964,0,0,0,0,0,0,0,0,1
cg24697031,0,0,0,0,0,0,0,0,1
cg24714666,0,0,0,0,0,0,0,0,1
cg24735937,0,0,0,0,0,0,0,0,1
cg24777950,0,0,0,0,0,0,0,0,1
cg24821554,0,0,0,0,0,0,0,0,1
cg24841244,0,0,0,0,0,0,0,0,1
cg24857721,0,0,0,0,0,0,0,0,1
cg24949488,0,0,0,0,0,0,0,0,1
cg24997944,0,0,0,0,0,0,0,0,1
cg25025243,0,0,0,0,0,0,0,0,1
cg25028542,0,0,0,0,0,0,0,0,1
cg25087423,0,0,0,0,0,0,0,0,1
cg25165199,0,0,0,0,0,0,0,0,1
cg25226014,0,0,0,0,0,0,0,0,1
cg25229172,0,0,0,0,0,0,0,0,1
cg25410053,0,0,0,0,0,0,0,0,1
cg25415932,0,0,0,0,0,0,0,0,1
cg25421002,0,0,0,0,0,0,0,0,1
cg25459323,0,0,0,0,0,0,0,0,1
cg25519930,0,0,0,0,0,0,0,0,1
cg25590938,0,0,0,0,0,0,0,0,1
cg25665697,0,0,0,0,0,0,0,0,1
cg25713185,0,0,0,0,0,0,0,0,1
cg25778479,0,0,0,0,0,0,0,0,1
cg25832796,0,0,0,0,0,0,0,0,1
cg25870263,0,0,0,0,0,0,0,0,1
cg25978208,0,0,0,0,0,0,0,0,1
cg26143719,0,0,0,0,0,0,0,0,1
cg26154999,0,0,0,0,0,0,0,0,1
cg26233209,0,0,0,0,0,0,0,0,1
cg26233914,0,0,0,0,0,0,0,0,1
cg26252167,0,0,0,0,0,0,0,0,1
cg26374101,0,0,0,0,0,0,0,0,1
cg26453990,0,0,0,0,0,0,0,0,1
cg26954174,0,0,0,0,0,0,0,0,1
cg26986236,0,0,0,0,0,0,0,0,1
cg27033479,0,0,0,0,0,0,0,0,1
cg27060381,0,0,0,0,0,0,0,0,1
cg27062617,0,0,0,0,0,0,0,0,1
cg27187881,0,0,0,0,0,0,0,0,1
cg27238470,0,0,0,0,0,0,0,0,1
cg27250462,0,0,0,0,0,0,0,0,1
cg27324619,0,0,0,0,0,0,0,0,1
cg27347104,0,0,0,0,0,0,0,0,1
cg27360098,0,0,0,0,0,0,0,0,1
cg27440834,0,0,0,0,0,0,0,0,1
cg27478651,0,0,0,0,0,0,0,0,1
cg27508071,0,0,0,0,0,0,0,0,1
cg27556566,0,0,0,0,0,0,0,0,1
cg27601516,0,0,0,0,0,0,0,0,1
